Symbol,Final Weighted Rating,DCF,PEG,Dividend Payout Ratio,P/FV,Graham Ratio,Unweighted Rating
HST,1702320.892037052,209295.9859148333,9.333043253269868e-12,48747.09023688895,1.7461743407569338e-06,1639519.6683333188,5
SMFG,4913.720284426145,10633.384456956912,3.6045979668204535e-05,24.318441492099648,0.0009455561385554935,1716.6369667719612,5
FBP,3041.938043279065,632.1417853746161,1.4475055346187483e-05,13.461928901414094,0.0010120636711633776,2845.2437410192297,5
COP,2325.862264124632,153.88858313736426,1.6753094499788168e-06,22.23902959122609,0.0019281606071867585,2273.015024646805,4
BDGE,2093.214681149581,307.8007999324165,6.136667279581386e-06,28.907782979574467,0.0012816926747044176,1993.8119074245133,5
GSBC,2035.1904397881897,416.4468362786018,2.479609306017277e-06,-33.68079395040446,0.001430305704516587,1903.1023943695611,5
RE,1979.649955992681,1.4738100310893572,4.174586628326833e-06,21.635134436777513,0.0011858877314770459,1972.3268052751557,4
FCCO,1673.1682466687541,422.8246401064203,9.682844308190346e-06,20.813855757335375,0.0013215010732648884,1539.3222802764685,5
NBTB,1318.1481632328928,156.86426661443087,5.586133453412407e-06,26.490842551582297,0.0015501885492374577,1264.3310670354256,5
PAHC,609.827958995354,60.7486825515644,1.1391354853412418e-05,13.523155254589279,0.005502182626206512,585.7435223916386,4
BMI,446.1031875473741,36.15910915964182,3.9295316936257826e-05,10.477402639996692,0.005360747399325819,429.30382315460133,4
MFG,387.6252741177997,1035.6371830002827,0.04270488288364564,2.41145731453497,0.009048487235169666,71.92901373489799,5
HMC,311.47968747595996,71.85987692844512,0.000144114644026123,3.853499455939543,0.006097712072386132,284.2439959315303,4
UHT,244.7717520973366,6.195871957115383,4.821321820195186e-05,23.221671013842602,0.008864814729219628,237.15027029979163,5
OFLX,162.4423814253534,21.17413114949763,2.7799164357409396e-05,48.004088294649236,0.025649644213792736,151.10982294052891,5
SNE,128.04824601018407,36.525308695386535,0.00021052631082936585,0.5763467034950447,0.017630042534304488,112.08783955419636,4
TM,95.69413293629212,21.377100791559027,0.00022552957792583192,1.841354542734308,0.018098899222877666,84.30082094594039,4
VEDL,79.20240443964786,32.170130767124206,0.17845927944788012,1.9516309344450355,0.06151739067296558,65.97263117178059,4
IX,69.65608169427207,17.76948344866596,0.0013028355756121849,0.9217431293301628,0.03311840516878674,60.01631577963833,4
WIT,66.17175761824738,11.426899764033328,0.026773894809607658,0.15973532580592492,0.05987997930525826,58.89240705597155,4
RDY,42.72968187778123,4.774112373224032,0.005295618462873179,0.6399941574980949,0.04460282377463113,37.107385750092206,4
IBN,30.201916917582693,18.61057934354434,0.1176454824523077,0.18311576762866716,0.05586699792454277,21.073866288135495,4
CO,19.939461404521563,14.9745099066972,1.5064814619684965,0.019921580859216317,0.26694099410813643,13.228982858747697,4
HDB,19.602912037061905,5.5054627644005825,0.0647805328058931,0.07867842636348979,0.3193125198174529,15.192647211802676,5
MUR,15.19820616738153,1.3323691792743415,1.3349036627507793,0.04254167915925315,0.7036653834541086,12.949843253536756,4
LND,13.597981497386193,2.660726372025044,0.5726442549570839,0.18062726354395764,0.25778338215569013,10.130633135157844,4
CMCT,12.007081243632918,1.1466562064517147,7.858648714874377,0.06298973439903911,0.7512168965393063,10.230942667107948,4
WMC,10.751840555955877,1.2995057177347866,14.548326423741665,0.11867595043234455,0.9384374962309177,9.058279688867477,4
GNW,10.236556646308273,3.1491266157849203,24.103038314917804,0.04447213871626826,0.13791194924215722,6.821368544082862,4
EFC,9.52197813361757,1.5211144714987022,7.3842066132122515,0.09153357381674541,0.7155204333476031,7.398064399949268,5
GPMT,8.406536602179884,1.4212373868255446,11.54990694675696,0.08957836589389839,0.9454441990568481,6.65783954482693,4
MOD,8.272696558362068,1.2665132777298438,20.780657721400647,0.00232357003627351,1.4509646001123806,6.552815318087582,5
RWT,7.795493603671385,1.3318577858283334,8.21194395102648,0.0787798488021105,0.8992908340543698,6.0094726289226434,4
NWLI,7.564913417280833,1.4664028086638243,0.19284216520635944,0.0014759927517972908,0.40524994561241356,4.618453500985996,4
DXC,7.520158108713309,1.8612845266951856,2.3542423713927305,0.011247921665274298,1.6374421855814767,5.409942542709445,5
HSC,7.432569942106328,1.113308152204833,1.9602486850929979,0.002771531245132763,2.2925958089484615,5.863695460950692,5
PMT,7.2672578472635205,1.1348125714510773,4.109475051967807,0.0783603485665882,0.7341716052984294,5.082736115599761,5
AJX,7.215436950207145,1.4292924330288745,6.000125972762056,0.08791517932329967,0.8319455309795988,5.05543428201931,5
ANAT,6.896537678638607,1.220757590881484,0.8639065466090774,0.02783920858213689,0.5291938102598289,4.4671743408081435,4
CADE,6.881965834346968,2.290200617193208,7.968458931485871,0.04340850786138474,0.8434151459294893,4.366943839610126,5
WES,6.849570076803138,1.0773029966437593,11.900118068086625,0.13145270880035037,2.306841869586319,5.475561669845633,5
PK,6.477735593164375,1.2210085912299191,7.390467486429601,0.0981132075471698,0.7750923645320198,4.291921602344096,5
TSC,6.453316454319303,2.675422366301609,5.70737018227219,0.008573929107702875,1.0800066099558814,3.937712543368734,5
KSS,6.407117738212361,1.3536282354782543,2.59438147019369,0.0367488984517689,1.969364935769857,4.7029907548335075,5
NAVI,6.382157265054787,1.7548994997948975,3.1540572058605263,0.04545735667017131,0.9693645083932855,4.151887636806083,5
LBRT,6.269739490276844,1.473771154491603,9.364481300446911,0.023160387185998534,1.1498825399629073,4.268429750793273,5
AEL,6.244905614035773,2.5292115828273127,2.1710556816061555,0.010169207639685658,0.5875051142825822,3.377874629664417,5
IMO,6.197575530645885,1.2039738087181588,2.8498231265419975,0.033172573399970075,0.7835614598780689,4.128098947992798,4
CTO,6.152205775686067,1.0295558848514055,0.363549614556744,0.00706088022980641,1.0904524020597741,3.9274439882895287,5
MTG,6.059061120741915,1.0772917758688931,3.8849889303724354,0.008448439244687566,1.1536464322893583,4.0906755767492164,5
UAL,6.005023529266301,1.4143143974253107,0.9580063359631455,0.06936876197718092,2.0565297025409763,4.209051092409067,5
OPY,5.984235963872919,1.318520392068856,3.0857470212789457,0.016247555232393757,0.6172196323909016,3.6118410135650376,5
PACW,5.946039184371956,1.326215229546039,2.400628461205758,0.06568448178030305,0.8881577097449148,3.697917434615491,5
SAR,5.925123305901092,1.8741922280800698,4.004888663120764,0.06911675097725285,0.960899887832597,3.61101951861843,5
CIM,5.885704865183802,1.0735430785569502,4.199635796139585,0.09797600228326411,0.9662512153538835,4.086542869483265,5
IBKC,5.865146142894662,1.5088564915076783,1.4165511703904676,0.024171237763491137,0.8794722480096774,3.5035850834416964,5
IVZ,5.813998618940113,1.2973014719115294,6.647623210402628,0.0698983640004534,0.5460459513074841,3.784536160456326,4
CFG,5.782804197441706,1.1505252943205921,2.5138665536372184,0.035811272231939965,0.7760556715656953,3.8443768667608085,4
RCL,5.641764121753392,1.0450541000223645,1.5354615914613925,0.024154684100204663,2.051210262773797,4.202188991055557,4
JCAP,5.563988539354732,1.0139814116696797,3.288527448110985,0.08053885512703368,0.6302496498402036,3.3018545427941124,4
MRLN,5.5493198664915315,2.1735821473722727,4.632005961248054,0.026474994075386102,1.2062993617298423,3.4964119350223006,5
VSEC,5.468332401580306,1.004689980821644,3.6877705348196015,0.008524274498820102,1.2038100900300466,3.5420559102495264,5
DDS,5.444178784028745,1.1618522346194182,1.2298710229847072,0.006546075555808252,1.0110306062806955,3.3228961718082064,4
INBK,5.4346409718416915,3.263272562438284,4.069935283048405,0.010793309492644891,0.7347265354707736,2.8777344338615936,4
GAIN,5.411798743907485,1.0151562877131888,2.5478069727041555,0.0793961779876063,0.9440961776669696,3.632925481161919,4
TOL,5.393213782056558,1.5004670832567433,1.9183114980043146,0.01089841654455289,1.1513572574399387,3.226116409703764,5
STL,5.38409194974023,1.1395108187419416,4.509595225962232,0.013876543588016316,0.9244012753412552,3.4790273648011683,5
ATI,5.37907386027115,1.4295090574954057,6.508125614415301,0.004723589063946599,1.418041242045835,3.5470921995007982,5
AGO,5.348205017440666,1.0704816860220219,2.318680744549804,0.015131299809325174,0.7366357885223679,3.261096668872228,4
DK,5.33205892659375,1.8586028256160814,1.8764146197679312,0.03321671393890459,1.4238229674440146,3.2494216535800122,5
IBTX,5.308539602375666,1.6042435056226807,4.29372785590068,0.017527962302867055,1.0558513999007597,3.4055905560124233,4
SNV,5.302950607132416,1.4697727601648494,3.9161692293289154,0.028595806727712593,1.1883170635956524,3.168719683935817,5
OCSL,5.280038416742199,1.0297183649008066,17.5139610412189,0.07124328618488006,0.7876335226674404,3.580855985568014,4
GPS,5.265682407562425,1.6126427179058758,4.494444437912677,0.037566156216796,2.7945820433436532,3.948783333558166,4
AINV,5.25512622918113,1.087249562903282,11.5824672008342,0.12209557557969677,0.7985476686065425,3.5055909083781045,4
XRX,5.247920230454981,1.6676780283048698,3.8836526667905327,0.02843499908405368,1.5295877035976375,3.338293368528975,5
WBK,5.206360492108144,1.8919911044099043,3.8396466325147727,0.07614261959094035,0.9986277601113698,2.972477285380238,5
GEF,5.12955386616252,1.1232854696808832,0.7094973544371622,0.10721019013460432,0.8561089425469949,2.798367122510907,5
FNB,5.088972353384518,1.2685787700808573,8.901715542401865,0.039701563374413655,0.8098513664550481,2.9338137294529014,5
MPC,5.084482408164811,1.1101916049439733,3.605945887658474,0.034851257674194586,1.1905184899388614,3.250983356032888,4
BHLB,5.080050265327415,1.8215995570442418,7.407584473593003,0.029104783272118892,0.8812951817505646,2.791336578307765,5
RDN,5.073043469137537,1.0387052594223674,2.721550131031958,0.00038804898594835643,1.3118173606838504,3.2910668043080884,4
NC,5.033783792852407,1.6861682918020946,1.6500353899253906,0.01573393438679566,1.1271008873776747,2.8498022286696463,4
CSWC,5.032847339015246,1.0626487088611372,4.916263105624365,0.11474544018747533,1.1372153015833086,3.017123797793821,5
FHN,4.954706237751206,1.1574481042127815,6.524766146604172,0.0342194857852777,1.0457678602394649,2.955216497162267,5
GTES,4.951574492758703,1.312893776793469,5.909354701319846,0.008350774248169919,1.3009362543945682,3.1598772107370903,4
FBC,4.948143793655817,1.4141614296747693,2.8533709885241763,0.004378059300953271,1.149723359362416,2.912458288400803,5
UNTY,4.91555476328509,2.411558510992292,4.995183500717277,0.013642650572111153,1.4846919726197885,2.6567256864208884,5
RF,4.900096379417141,1.2333658960164984,5.909401190482179,0.034912672937232825,1.01423442773857,2.9162215028071947,5
UMPQ,4.888287351231473,1.60788365084548,7.006125231238117,0.05198475894862097,0.8253936945906445,2.618797188712632,5
GBX,4.882681389187169,1.5999227905388111,2.7904921988297704,0.03596190484445092,0.722944162038959,2.6440057104809864,4
CNBKA,4.882581347866514,1.0098462678506823,0.7937107109788939,0.007026946999395216,0.9443613850460489,2.588842693608381,5
HOPE,4.83763964963487,1.7095274370031672,7.102373437952968,0.03899195632658889,0.8917751787647059,2.85209958810791,4
SAH,4.83701762583454,1.0526756470291825,7.933724677183234,0.011283468341674345,1.4533478413656746,3.219315711117832,5
HOFT,4.8192807897073475,1.0680551139891914,3.4752278600574527,0.02016838286667939,1.264922675319938,2.8977701901037247,5
FBIZ,4.812605309268951,1.5624624719679543,4.679630398419751,0.02496084285722165,1.076285577061744,2.675631313853411,5
HFC,4.776623218381443,1.2433584880091793,1.7189765876339604,0.025684837829924062,1.4664382096730566,2.820823800361677,5
KEY,4.753806194033502,1.0772861145581036,5.855230297889854,0.0425188630096842,1.1098282932269046,2.736543746857666,5
BY,4.726032827389566,1.215997464012292,10.790236010058413,0.001689645017334605,0.9057713216240175,2.6730500412136897,5
BOKF,4.725064985193626,1.4315364490647644,1.8565137166680696,0.02451780155085982,1.2053076861770318,2.536181680791816,5
ASB,4.716997648167425,1.186703050543233,5.047619459926466,0.032620636821330116,0.8738634729549601,2.7086463985009908,5
FISI,4.707207993163138,1.429082629263293,4.236073210908108,0.030844045679877422,1.1669336844767135,2.6488079244084446,5
GWB,4.684043037493222,1.227152590727452,3.611568375502851,0.037665596339383725,0.8788664829188174,2.5001714330728264,5
MS,4.678611281418485,1.0827856713102235,1.6223752665885671,0.033101334184114484,0.9731861825405584,2.5191901226102447,5
SCHN,4.672829667314578,1.035028639882375,2.241772958469845,0.028715532167970726,1.0300448229750747,2.7274758384756064,4
TSBK,4.67108876741834,2.096650976448705,4.3162561611587345,0.03116765010176173,1.2181726832176867,2.3734101420333595,5
BWFG,4.665105686905395,1.0633184261750364,5.480251301913522,0.01818200405004831,1.2299692790999852,2.707085437150302,5
SC,4.6470939021853175,1.0190402902759343,3.084219385072604,0.036003379610521205,1.1061270239471375,2.981197188560075,4
PNNT,4.630928034495651,1.1248672802311679,36.91506696297958,0.11667161348950197,0.7189506447632678,2.923018955003826,4
BKU,4.619415358554319,1.1304766067028096,3.1119575236526082,0.025356200891033652,1.1124851862885508,2.791088757142271,5
ACCO,4.612811091538176,1.0586881715890137,7.819032149363438,0.027247347850362928,1.1574253586661496,2.9219128634451703,4
DCP,4.600780631782972,1.0016790947664296,98.50558564942756,0.001533978074544585,0.49348962906888716,2.668869500821041,4
EWBC,4.5964763702802385,1.9154405084712092,2.0342849294473333,0.023417638430052207,1.3216937960788955,2.4602071105765084,5
MSBI,4.5932807438525955,2.006031444671484,7.525016278666473,0.0346381589683678,1.0292934301590395,2.3439514871990146,5
CRS,4.587342818989709,1.0305902213259162,2.931614619037787,0.019951289907748544,1.272753108348135,2.7304304997849544,4
MAC,4.583399472847175,1.1270285766981791,91.13366420998139,0.12664630400504048,1.423461418354252,3.0417118742011144,5
SMBK,4.578436220820379,1.9892302845049807,9.131701622126853,0.002225671501639912,1.0056429714113964,2.339551939923071,5
PFSI,4.560333092768749,1.126685236393974,6.000695188435862,0.0036715083756795382,1.2826271557651758,2.9508613185422297,4
RBCAA,4.546904268407017,1.6205093741600523,2.2398965662956996,0.025150259772288325,1.11217273540911,2.27185040454739,5
TCF,4.545394412304223,1.5226172079394527,6.282740835800868,0.03303415543117807,0.8277884847017223,2.6256579827044266,4
VRTS,4.540421200000532,1.0045176680743313,0.7836640097313394,0.020880133606289084,1.2033013368378522,2.3923964113569776,5
JHG,4.531869980703522,1.023292589905304,4.0078551510717215,0.057383610701495676,0.9714519594802006,2.612996415979788,4
WNC,4.523786013959516,1.3880055060134004,7.38458257173265,0.021197800178841923,1.6114924911898163,2.860286925528529,4
WFC,4.522767013600232,1.1850354436808392,2.3639166597297345,0.034802465780596516,1.2586858495506181,2.45799595174539,5
MGM,4.519301586825314,1.375114466596429,9.180754310759246,0.016193814733996607,2.167981695981696,3.059422834968859,5
OFG,4.507453361103453,2.6460237050213653,12.35673020983888,0.013140468130662601,1.0463623816091776,2.192258187153712,5
WBS,4.502802010546912,1.0988805548122038,2.965117205547455,0.03151507584921431,1.392607203758374,2.8138694394111927,5
ODP,4.493531809508002,1.798864650811454,64.33233780108779,0.04525445344962357,0.5592959042797975,2.5549660300774595,4
TIPT,4.488754012871743,1.8087662716978907,20.597261507762237,0.021019441343405318,0.6575801519361306,2.463793440108544,4
KBH,4.488508587915053,1.293418202004619,5.746190085868014,0.00681247189228276,1.2547003804253412,2.611474913487385,5
HTBK,4.484627374976258,2.3876864289133635,18.920059804842094,0.039221324378006364,1.004586732696616,2.198422799506717,5
SHBI,4.466097864784473,1.8225367677945215,6.638567649231626,0.025313039979170116,1.0956058547110508,2.29674429159305,5
SPB,4.453239943399783,1.3716597443483538,0.39270503838570286,0.255459494144622,1.6535788729906378,2.516704209784135,4
CVLY,4.440164719201245,1.9957323594061789,5.841002661599527,0.02788198316942107,1.1288627803816538,2.1573283672785912,5
DRH,4.428586458797752,1.1272285633482846,25.892554074833953,0.049430874455307444,1.0795034980575062,2.928380827297312,4
RLJ,4.425077692037583,1.686529238990374,20.608595609503574,0.07867615982142914,0.9060901320224563,2.362519848825478,5
RNST,4.396322117043836,1.330678142035895,4.812637031880356,0.024933100738580873,0.9603959006797326,2.2633307153083777,5
STWD,4.385572600728238,1.1709165394246144,9.757431400907544,0.07838580391081518,1.4613352686193268,2.6230442423827305,5
WSBC,4.380962437134597,1.1878901139370732,5.028871858060675,0.0326673422385775,0.7856236218759167,2.441348498291191,4
PKOH,4.37539914031231,1.2478771378640974,2.246671371123656,0.018372414082717857,1.1352979737783075,2.4247847277070225,4
EQM,4.360902012517533,1.0068989963514334,6.421310694203214,0.011654210347919526,0.7351201552565737,2.1934950824750934,5
PPBI,4.356115720849548,1.3040860296554446,5.9049952124136595,0.027941433245222594,0.9578950659199023,2.5166595509163954,4
CAI,4.337254745355128,1.1038355916422695,4.62779534154705,0.020753858276960992,0.6135922479949224,2.3329239955924526,4
DXPE,4.290410099658899,1.2607004392607368,9.089128408000779,0.00013566591887612182,1.9295824922484452,2.660623395655531,5
ICBK,4.267703029431012,1.8675030089043556,4.65867506716719,0.008302729979767293,0.9409719767597322,2.0248200834256815,5
PFS,4.2649477400212366,1.2255532070197257,7.5465659503186835,0.04674411498216635,1.1016860752560402,2.2908294543014684,5
MOFG,4.251957487108699,1.0377160405915244,5.620500971209506,0.022928036335445413,0.9833797350790401,2.5032287962747404,4
PGC,4.248479177030579,1.6732490141773646,5.257906891689007,0.006760451558276554,1.1351238015534537,2.3885228073452933,4
PKBK,4.2478387475906985,1.014882000545618,4.474141601266008,0.023180974765803792,1.5763687418710057,2.4996132944003837,5
CBFV,4.243235108482908,1.7655778732145382,8.79625120542405,0.03189044833509427,1.082275547562162,2.111767130805009,5
ISTR,4.241360361972347,1.3616622868278083,10.59053195686786,0.008869703217380918,1.0096655296393031,2.474629185300078,4
SFNC,4.240047366466339,1.0613483880270098,4.778496506503457,0.025607852687026565,0.8351327701875323,2.3699567095866856,4
PBCT,4.224387036259653,1.195408557577461,10.393707139644606,0.0427628405232379,0.8086042883027984,2.3724171519615185,4
RBNC,4.21130587702753,1.4414140294829754,12.085093895398817,0.016320840467585807,1.0988989873208403,2.484664201312183,4
ADS,4.209924765570524,3.4522512304295874,0.991627007811257,0.0239924670433145,3.3431971290058557,2.0308984495525735,5
HBNC,4.204633026360265,1.2507622896025075,9.987421956572508,0.02567197878245353,1.237129302722618,2.5205464928461017,5
LBAI,4.17958152573922,1.5488018099570025,9.4566176622376,0.0296855312406235,1.1574180814408015,2.093994166733139,5
EVBN,4.157338944578674,1.3388729005663478,3.4299914272429413,0.026128419665751548,1.3127628365206496,2.108879888357316,5
BXMT,4.1483836574326425,1.0678295434585707,7.10803169814501,0.06743126467147649,1.265041784545351,2.2985537564439844,5
EBIX,4.143657266219204,1.1828526521949685,3.403992699863437,0.009146969340309985,1.8269528497729561,2.739552725603158,4
CVCY,4.142300885506237,1.347361525524395,8.263032576763127,0.0206450742267216,1.2325574821153038,2.2080596858901553,5
FFG,4.138215995658268,1.019412133742733,2.9479790818527207,0.05993741911379339,0.9485871469695246,2.3088353743325207,4
WRK,4.133841791786386,1.02190573856657,1.3214559114208593,0.05523964371787477,0.7258302127696038,2.196213317817462,4
PNFP,4.126479034383353,1.0676002130629956,2.476796514422252,0.01066182724847168,1.0729489730810873,2.3391421144614073,4
EPR,4.122182761203403,1.3431265037737408,7.600856494326609,0.06868740946135615,1.7791111798669574,2.4010725786252274,5
BANF,4.114294320033178,2.913115964637881,3.6932590249886745,0.020729874193658116,1.9106434664260006,1.826141171838221,5
HOMB,4.1091735805813405,1.2562361944283271,6.053895067371047,0.027287692529494242,1.2494111360759632,2.112642986192803,5
ESXB,4.105955724095561,1.00807059451522,19.830191154078957,0.015140721490110223,1.231487210491449,2.360521969216007,5
VBTX,4.105661889429741,1.3577078948372066,20.396090906235536,0.01956228575278203,1.1503040232718087,2.217232945635518,5
FMBI,4.1051642053778306,1.177385665808837,7.983313706633779,0.024291980288419966,0.9817462427128814,2.3486304157096605,4
HTLF,4.102294057319638,1.3701903980156214,3.4685672383937534,0.014633961953197584,1.0654965443431084,2.2536756564197393,4
MTB,4.099108800694626,1.0745062232429483,0.8039021690295727,0.024951788788350537,1.4079459991757788,2.0268749731219273,5
ABCB,4.092775200622242,1.4706842525515995,7.61797230292831,0.009691596700277427,1.0309518371935007,2.272910441662513,4
BFIN,4.0829108230281586,2.556673939726491,14.273598030152074,0.030324412204782714,1.185007912680935,1.7502661328535833,5
QCRH,4.077776744091748,1.159115282464177,4.138191004074138,0.005784503853286049,1.216440545361828,2.2562921048155467,5
HOLI,4.069388948776616,1.5469984706402287,4.833880318907271,0.01010140271841018,1.1374149862384253,2.1067759056359554,4
THFF,4.05847682826276,1.0109085542156262,3.1842424320280758,0.022445948176266713,1.0105432490208175,1.9439852031865812,5
HAFC,4.04731958536083,1.0546776494577383,9.717247324221995,0.04962115927374426,1.0653324147873033,2.0629453215294977,5
MBWM,4.040763232986684,1.0190580632145587,4.542595821598605,0.02972755648171213,1.3815335034244685,2.1469788121843325,5
PEBO,4.0406015137567515,1.2721209906057322,5.303787392507933,0.03962373052192874,1.1014743986890827,2.0171304535385515,5
FBK,4.035094592323388,1.4026923542034715,5.407656841502315,0.008527039546608358,1.5452872550303083,2.1108610322075196,5
PSEC,4.029384701537909,1.0191983605688648,19.426026331718408,0.10686325553729774,0.6936954559889906,2.2675198896745523,4
MPB,4.022197032611426,1.8231140612930492,10.457777160076889,0.028875401494529388,0.9736912277087871,1.8273341161392738,5
BSRR,4.006831298929672,1.32299531760581,5.979293717393271,0.02719015499628029,1.3475224982136218,2.0343902476218316,5
BHB,3.9932371775945503,1.2470310908443272,8.172362887291845,0.0341155904615709,0.9883419960797867,1.9555010971381999,5
IMKTA,3.989271026837104,1.0557738280460522,0.9761637528556494,0.023757474687961095,0.8260317928554258,2.08878650941161,4
NYCB,3.9881238154722225,1.1841788090780467,15.314812988912378,0.05779749029222267,0.8181964371438866,1.9186938622047425,5
FHB,3.987184267869825,1.3461761247508741,6.686503714592285,0.03659197474908527,1.4309364928389574,2.0550046815111256,5
FBNC,3.9862814929093107,1.0031271193583216,4.142986597260487,0.011855606429980044,1.3519061908655667,2.0750610704296535,5
FCBC,3.9861049040814995,1.6323701108719424,5.281741992066035,0.03172883848646083,1.1068704115256087,1.7904080845601,5
NRIM,3.9789574784601545,1.1613959556958084,4.017113923259521,0.03434606060933753,1.1965722755737094,2.0106050160328266,5
VLGEA,3.9729450912203297,1.3070708653455037,4.009189253334473,0.04892557130093549,0.8267479100768189,1.8721961292488305,4
HRTG,3.97128278447875,1.866830439614849,14.849608697728872,0.017605945490399396,0.8807154256136933,1.7381519064955522,5
PAG,3.9704210050074753,1.0130258707013853,1.6779689950678989,0.03132878432197082,1.4946209735268847,2.426061910690912,4
CFFI,3.9671647229370786,1.092257182787725,1.9408128222232492,0.026844652232318786,1.1598245461109964,2.1280928322150245,5
BUSE,3.955234519374052,1.6015273982678526,7.84907092920158,0.030993861169403714,1.194179808166603,1.9206249084512979,5
ACNB,3.9510095927968027,1.647510514102305,3.364717325462186,0.028151635561672033,1.2970495918022753,1.8008127849855347,5
UBSI,3.950326209954565,1.3635101681490964,5.85211050147957,0.036173068070626056,1.1418377482443391,1.930870143987415,5
BOCH,3.9487050946114945,1.6272142052765552,15.508731413350917,0.015689116780949426,1.1649716296610462,1.8929658586257267,5
PFBI,3.948216511968571,1.5545042589292573,7.804585153375077,0.03377297892935615,1.082865962720768,2.1351030917410965,4
CRK,3.93962688086096,1.0191299197994732,16.963031879791746,0.018784614776872127,0.8305067618995962,2.1388933515430115,4
CHMG,3.938979358746023,1.9272875257677067,3.4739397287610037,0.023008709224223097,1.1968077556987742,1.9264500513406984,4
L,3.9374069023708564,1.0339451869084122,7.755252009778118,0.005004458247969457,0.7943124117370155,2.0272266512091037,4
BEN,3.934984324167763,1.7448677814677758,7.222752002454985,0.03956148843959297,1.3232431232019382,2.043965641705029,4
CSFL,3.930782195133667,1.2471636473628933,10.244174091507592,0.017371553673624474,1.0413252671851385,1.94693386890496,5
EGBN,3.929887450996224,1.2458449422940079,2.388275164183262,0.014682778800702581,1.277391257608041,1.9900830609214095,5
MBCN,3.9274434648135332,1.3430539392901337,6.6795990392543585,0.022590871225922644,1.183951991870804,1.9490812054681566,5
UVSP,3.91701331792962,1.1132551197938667,6.668248432127673,0.03088730034016098,1.1238354993615967,2.2428209368755163,4
HBCP,3.906195642876924,1.1840628637940351,3.614043599712176,0.02247350741110715,1.1109826162002219,2.075939760823636,4
ARCB,3.9034684922368683,1.4738420057574186,6.791034710437932,0.011446344753779777,0.9373654791276508,2.014067010027447,4
JCI,3.9017303960348544,1.1275151395247471,2.5932585495877296,0.02516610862644419,1.849494181928564,2.2943813539817914,4
STBA,3.897503712787938,1.2201384208169608,4.43841571920826,0.028169444920182293,1.1126358561843224,1.811197709799154,5
LEA,3.8968556848028557,1.3385681219864634,0.5356903139915502,0.02476288641550014,1.7296263173276318,1.9616085726578851,4
FFIC,3.891395606821558,1.1430047544486324,7.5967086172405525,0.04013190799278573,1.0380709090658164,2.1070174788467546,5
PKE,3.889981189661677,1.2762328740344717,4.039534776503644,0.20414312763310724,2.928159687065675,2.491348760079002,5
MFNC,3.8839746215820563,1.0046717525032902,15.560943884092673,0.03320294845907525,1.0371660701955916,2.1456114170392473,4
TCFC,3.879287275179651,1.1212689958466484,6.2228319982732865,0.013903372155920902,1.0573125936945575,2.1591673271791145,4
RCKY,3.875939073138406,1.1238001821341768,5.91362281500099,0.019598110441324677,1.2355333543873288,2.043426528257567,4
FMBH,3.8679302777946636,1.2389357863701416,5.481380714810284,0.020567008135054302,1.0953051594446734,2.1210050496523287,4
PB,3.8638462946294823,1.0218234108785922,3.4944353652286484,0.025342136936120935,0.851872530391478,1.9862254267905617,4
BANR,3.8451731663757767,1.2792940098028809,3.308454244030738,0.029594394605392652,1.1886513735340651,2.084724690831666,4
OCFC,3.838382836805274,1.0068175447873982,9.487757091950272,0.028416066652054067,1.0449808909574814,1.9210702901851207,5
FF,3.8305260304150845,1.4620040149993079,4.498418915277502,0.021777799578036966,1.0320115647251753,1.8278700147450444,4
LCNB,3.8237332293282256,1.1435069779759737,11.192710267414894,0.036035996979209506,1.0535490791412334,2.1535061296329885,4
CCNE,3.8231059068468816,1.7602029834226636,5.362910208195585,0.02167084880434157,1.5672871074152528,2.0659367234523667,5
WD,3.822645009038927,1.1171183253666153,2.090457566570969,0.019055106881373633,1.8886085205114662,2.009418670665851,5
UMBF,3.8042985028261063,1.7838249418748544,3.3178062829490678,0.018347667428379618,1.242856484641887,1.7861954757726435,5
ASH,3.8011012159972832,1.077871424879249,4.834212263331597,0.014257708073427196,1.2570148417810139,2.1725554498200967,4
FRME,3.7990277748865053,1.1389130787604227,4.078126083162418,0.024699161047235397,1.1621019551990919,2.021389180977844,4
BCBP,3.798490077432679,1.1539819858641023,9.94498647397769,0.04067324536417655,0.8946479561370175,2.081874013650711,4
WAL,3.7902556855346115,1.1450580840978477,2.5317651924136864,0.009568539119109614,1.7782181688600127,1.9516637038946103,5
OVLY,3.777657180130702,2.270730578304669,8.260552726932174,0.01507175693497722,1.3049415782179976,1.533948786718834,5
CASH,3.770334164801133,1.1848366347034016,9.241207659456872,0.006520214303776493,1.4169893364773174,1.9797044264973682,5
CPF,3.7647377520454794,1.0251402391644335,6.766429258586026,0.031203772065293747,1.5587123629947777,1.9813757413980702,5
SGA,3.764405125456554,1.3139693471685006,5.805849807065326,0.0476639680853169,0.9405274704708035,1.7093122675961725,4
SPR,3.758328375833485,2.14481676356575,2.8148974943414546,-0.005671327657804692,5.045309412966958,2.256117987640117,5
VLO,3.748160005832469,1.1521739130434783,2.1565074263200184,0.037788606684429675,1.8108884098518552,2.0356473654167306,4
FNWB,3.7432347037499447,1.1444724606267476,26.287632586840992,0.008268618297813599,0.9669609714957789,2.0399778705246523,4
CARO,3.7384864200723165,1.234734259627732,6.599530289304565,0.008645795019660046,1.2478938874690628,1.822973667498106,5
CSTR,3.7242458541846624,1.0746931739250436,24.604924035273573,0.011776176861099488,1.090675675893439,2.240877661567246,4
UBA,3.7233703755246115,1.248438278936092,14.555253902575899,0.061684108210259055,1.191283231330771,1.8549860703865906,5
SBBX,3.7232747275216274,1.0002498761088443,9.101843595778142,0.013909851504150469,1.0930102245657007,2.0974088015273487,4
FULT,3.719597669422387,1.0059329435201727,10.087148829406772,0.03238869339443525,1.2171101403139644,1.900164928594179,5
PFLT,3.7098120394956364,1.412121403375857,44.54838422726896,0.10061782567724689,0.8732353435032998,2.051169766029225,4
SMMF,3.7023814514201425,1.2894973050597265,4.663739266631125,0.02208430059172225,1.345287057926091,1.9808117973954589,5
UBFO,3.7018521214391726,1.0263555180552713,14.053193094296857,0.031758306615100415,1.5199876883815568,1.9761184373807652,5
STC,3.69617587316536,1.5678751858748654,6.335771190488162,0.028273663849687408,1.3415161393057196,1.9867147244887913,4
ESSA,3.6920989197250487,1.4221459638269258,21.044489661890566,0.026391740542437928,0.8529533315743927,1.8746887394328204,4
GLAD,3.6882746156121162,1.0135578723290788,23.312844726943936,0.08635325025887827,1.141638622468215,2.178586473454111,4
FCF,3.685036780230916,1.139978532317188,12.037005640801297,0.028417042271505343,1.3131824932151772,1.8219806031026355,5
EFSC,3.6767973673059653,1.2410034826167504,3.6770636425137013,0.01418349554935898,1.3470231265531576,1.9467793466268282,5
AXS,3.6612575866451893,1.4080081943467768,29.51101360621169,0.028029208687038436,0.8829739964300196,2.102655765209516,4
EBMT,3.6600355253935244,1.2546509703397657,16.259777497399966,0.017545265585031573,1.1276437088912452,1.7679211549844283,5
BMTC,3.659975962631727,1.100355726119697,4.191540866684427,0.026318375000647997,1.2823047306508824,1.6890381707576656,5
CAC,3.653669073835604,1.0675664988881806,3.400680166581009,0.027716796836306953,1.4153818501948607,1.7309029489876486,5
RUSHA,3.6442901803720043,1.1629271161666301,3.1356865068481654,0.01087633912958624,1.4524576345005964,1.7669844172243423,5
UFS,3.6413482534866164,1.050252167021727,5.922559717314489,0.04781552596209185,0.9682272727272729,1.7514430840264736,4
LBC,3.635440639359611,1.1907181707798442,16.180173796245025,0.020426537686317574,1.0357433390727526,1.777675475987165,5
ITIC,3.6315415028141276,1.1232989318432356,0.8359108436043955,0.059463058193839534,1.5933779956313165,1.7561422643660893,5
CLDT,3.6270037047927337,1.0256900241131688,69.4485506974696,0.07366390766783866,1.1157473180854092,2.209069970130317,4
FPI,3.6221962434106887,1.0715385800881836,35.19594956927473,0.031116503675696818,0.6331192871221447,1.7825699136841462,4
HTBI,3.6149476543856474,1.1515081141608439,34.27835957152694,0.007332972356778848,1.0592234422444828,1.9241349334723648,5
FFWM,3.608933691176081,1.149171654481744,13.398206172600485,0.012304985724276735,1.1818128784154276,2.0239240361545736,4
WDR,3.6017513180270564,1.1903652786371373,4.107595899261561,0.06279638221294312,1.4625420294549245,1.8140311489169796,4
PLAY,3.600673512304142,1.050463628844614,4.869410826647971,0.006543921626699494,4.558752671044795,2.4207278147135423,5
CTB,3.5978168240664457,1.469360396730026,9.766287023579281,0.014655419492461982,1.1367456281506376,1.9951373545875806,4
RMR,3.597275644013341,1.8593090891028308,1.700732517593294,0.03009644900834935,2.616069481108871,1.669592618357631,5
BJRI,3.5916337275440116,1.093108708262818,7.3361700061549415,0.012033260060728085,2.863646322432627,2.294240256378014,4
APLE,3.5715690813751513,1.0,22.683663092291656,0.0748540660260493,1.0906299367398427,1.8357868509107498,4
KAMN,3.5706377673075753,1.4765917582554862,4.368919454733672,0.012569422954404752,2.1593335293160125,2.003658251619613,4
CTBI,3.569138941126152,1.4875857520761029,3.6940022021594703,0.032929840799564396,1.2956772474897786,1.742287714319469,5
RNR,3.5666922570643314,1.2180297266264963,2.0468691896382447,0.007345893591348417,1.3534244621039035,1.5878306240535633,5
AMNB,3.5654642087356114,1.3498385878771406,8.86068474752456,0.027609522927806114,1.2400801232756091,1.7077806329074763,5
ARNC,3.5647620855606634,1.5143634751994406,20.14606270298933,0.00410865635198272,2.95848925548079,2.2615611808247498,5
ARNC#,3.5647620855606634,1.5143634751994406,20.14606270298933,0.00410865635198272,2.95848925548079,2.2615611808247498,5
FANG,3.5636770989433875,1.029944901308556,10.256780832758446,0.008796155876313872,0.9610411985810249,2.0636447314633797,4
TRST,3.557584301841832,1.8943642694068419,23.013990726314972,0.031242478004869206,1.5689963716217348,1.6398136167545068,5
FCNCA,3.5574901336059295,1.1078685092386094,0.35126987987367114,0.0031418329246831423,1.6097179905855359,1.7394782694407391,4
CFR,3.5563845038341038,1.0788908661338246,1.8153187252236107,0.030315740460583898,1.49264943321877,1.8660082935950448,4
TSE,3.5516529557910586,1.6703854789979193,2.2366694685990343,0.04399009586760923,2.232797129615787,1.746322507540463,5
UVV,3.549816704043379,1.271857778250126,3.440460930301025,0.04639554464050745,1.1265114150986435,1.6299619510619003,4
CCBG,3.5386645072153398,2.1762047844505727,10.043003126661565,0.016632407668641595,1.479482655282922,1.4848395054425902,5
PLPC,3.5313666789140625,1.1648566134100768,2.9588573752078693,0.011611477970679289,1.3566004803843075,1.6067124995997673,5
COLB,3.5275067258986046,1.1330640329444224,5.967658121257579,0.03657494094538278,1.2900047778618329,1.6523438602248142,5
JLL,3.524662096738753,1.0974306374496585,1.5143439521472002,0.005288936902031493,1.5774322736953168,1.7104101656308908,5
HURC,3.521828655112341,1.3060637088516767,3.872546078697483,0.014869365222017077,0.8966235717704845,1.666595933883557,4
TCBK,3.515925096073458,1.3172611634664833,5.672072872717929,0.021354620835334272,1.2913067716778626,1.5810283682223145,5
PSX,3.51230592384868,1.0718227290731743,1.3534045014246,0.030423735124472644,2.0716357334403854,1.8580245349795943,4
MCS,3.5061775333001375,1.0580818845992968,13.020236986543956,0.02026787729423429,1.5332069806174418,2.1684870829134817,4
TGLS,3.5004949650274475,1.3636550764675284,71.38172455328628,0.014694439875839602,1.9062441105228183,2.438616886299238,4
CMTL,3.4982030919080596,1.16029070098694,22.288910374295103,0.014212906405056652,1.2871675743157125,1.9453246164664801,4
ZEUS,3.4877252221927533,1.0526836212750446,16.89105084963358,0.00460090426873887,0.6195821658364468,1.5007058912365665,4
INT,3.485522991656855,1.1252684082632725,8.200804481226745,0.00744434032560345,1.4993482860770209,1.8680506841854994,4
TPR,3.484512471074585,1.3010727035285024,9.287206251380734,0.04760347511460412,2.3360232253657425,2.2261244425011895,4
PWOD,3.481097348031856,1.3220503579333687,6.85401473798204,0.039555389168844365,1.4480782287041818,1.565774755402421,5
PUB,3.4779911762425044,1.651865124359336,5.714461117827846,0.016871437694176136,1.6451402150366168,1.7887603429022871,4
FIBK,3.4739720769068474,1.0830956224093686,5.822581834171507,0.029856093530567084,1.3172078100799443,1.6238596217510428,5
WNEB,3.4714194556681974,1.001014676924093,30.490944566069203,0.020678689760752024,1.0992189283867186,1.7029512774214173,5
DHIL,3.462056574148048,1.3091515877465136,0.6182319162885113,0.06463608343244368,2.428785264562676,1.620323346949516,5
KMT,3.460445501138382,1.1194147610592737,4.309002211345533,0.02595420314416305,1.8972493806041468,1.7882681290354125,5
HFWA,3.4598560384847685,1.3197046525741507,10.313646195957713,0.030732664836503266,1.2426683596293637,1.5609813475319718,5
HPE,3.45434712635931,1.2867889117457367,13.399215110527548,0.030673840712964997,1.1592847116621827,1.549845311537546,5
HMN,3.45381989609049,1.0177983556878307,22.259528527214446,0.02623295178196912,1.1512480116890036,1.809932021484472,4
CINF,3.444966098833886,1.0631462456346144,4.908712844877071,0.02059306161165593,1.7476496350364963,1.753419825961338,5
EBTC,3.444918215688498,1.2256336505701526,4.441141318116469,0.017122715672101455,1.2543068193540339,1.6956024444435684,4
SNX,3.4433117541574445,1.0618220270350818,2.0083278525142765,0.012841095937611761,1.5747252992648708,1.8002772318873024,4
NBHC,3.4335614365432185,1.1512846898362916,6.978767622528961,0.02128458765111219,1.4414733668439994,1.6351960543611208,5
NFBK,3.4297327231770254,1.3004928810279897,22.842707322934515,0.025652640851285657,1.1315110071523726,1.6265803984571152,5
BXG,3.3972293883990474,1.5317804958870127,16.97291019435042,0.06816339431585819,1.6797409672574348,1.598707519029856,5
MAN,3.3762244196909954,1.3098653665491609,1.2810011849714562,0.02332106377237776,2.0212701421800947,1.6302646627628234,4
FMNB,3.375664383737223,1.08050445749872,10.10521711704635,0.024835899708929618,1.417750245398568,1.558927665428092,5
RJF,3.3733197779571826,1.4659065219848537,1.7263574763268357,0.01761063350335432,1.6480352530010638,1.4878994833277386,5
WSR,3.3677012172263434,1.0645792824006692,43.68151738680724,0.08269861042699575,1.597738657523377,1.8405068470889914,5
EML,3.366635683779558,1.1628050095664964,5.551532255980336,0.01601485411483791,1.6250469512878165,1.613856936502971,5
NNI,3.363041042409806,1.076619788337612,3.0891111404543747,0.011827349461368196,1.0445126075119244,1.5789736685732743,5
DHI,3.361659430900629,1.121158490191538,2.924644195077921,0.012041988051372392,1.8513061701044815,1.5688306902816982,5
BRKL,3.3562359514967373,1.0908691414579614,13.828880898011832,0.027765517409816268,1.3372568749246514,1.5993567092937324,5
NUE,3.350373609308778,1.139922218052247,1.7562619539037834,0.02847998724998185,1.6680526278289372,1.5717098228871145,4
NWBI,3.346969071739734,1.0522153718158787,15.607656940719032,0.043938032391063274,1.2810650633236902,1.5880290434649833,5
ETH,3.33038011815417,1.0822873350133795,16.178962309387156,0.08295262626531884,1.5568036035243744,1.816312610146711,4
GNTY,3.32727047896962,1.0289857189545022,8.079146023626157,0.021466390271206687,1.4364448813424533,1.578139451453733,5
WASH,3.3205845895045565,1.2315313547852667,3.303445882805706,0.037922104277589845,1.790611608526054,1.4868228081338306,5
MLR,3.3195407179854577,1.086075180423773,5.214692153550619,0.01993355481727575,1.596451709204542,1.572869593647276,5
LAD,3.3101689519250965,1.0491409115639094,1.188585306820096,0.0074680174037275145,2.5180622743067387,1.7667968568506696,5
TBNK,3.2984354896212373,1.2065613335457035,6.306863665493215,0.04723811164453824,1.1881881083275248,1.6240886699137305,4
CB,3.294586596560011,1.0321513541368559,1.7642017998937327,0.019828290766078272,1.2341412435730423,1.5679362526537168,4
RBC,3.288559329031024,1.1304281775240057,2.6102139129603534,0.014245512226669697,1.4600229679724386,1.4057787270543205,5
CIX,3.2755588441488026,1.3482744571202046,9.70171366037394,0.018216260431332596,1.1788452171768549,1.330361291815998,5
SAMG,3.2725771852105643,1.6634121469755783,11.822965650264425,0.04761422144483021,1.7205753884002706,1.4128198537528676,5
WEYS,3.271623681610015,1.0522295638306405,5.622828929429872,0.0387405882771507,1.1564429459889332,1.6825142905536314,4
XOM,3.2616428256877574,1.0192757581600604,4.174379739905825,0.05015173535546737,1.5244111661883641,1.5517216054151843,4
CMC,3.2471622223500223,1.1053631375142972,8.808811305084971,0.027585468373149097,1.2621284202896677,1.4728082425862763,5
EMN,3.2419214133653984,1.0323648470166036,1.805149574000878,0.031849464019019794,1.8075548841893252,1.6131279949823967,4
RMAX,3.241218904450156,1.23145471717985,17.911319828136428,0.022136550253176814,1.3676930963112037,1.48153438272767,5
PATK,3.231207554777928,1.2426070889516394,2.3822210608842065,0.005228797213770743,2.2289478794165003,1.7594798912736507,4
ATLO,3.2292310757166014,1.1969330956955535,8.084805445789065,0.034309427115892514,1.3650178900173042,1.5325169774629865,4
XHR,3.220959210462743,1.1095536744215382,24.770052932244727,0.05333880228626182,1.3569282814008572,1.45885743001337,5
WAFD,3.207918313099401,1.2077910839783073,5.2638225466279405,0.022584367829023958,1.3790592940169555,1.5378410269441785,5
WGO,3.204204043479223,1.043303006806188,3.3329361913141486,0.011303073179088966,1.9129747616305923,1.467460871938588,5
SXI,3.1992770932257617,1.161338067556386,4.136562472301045,0.01201497222543404,1.7613397858771995,1.4658403753719789,5
ALGT,3.1899685037971732,1.106586179969516,1.1594034360986807,0.016766185589425206,3.074974777913216,1.880094561852378,4
TSN,3.1884706876069506,1.0238959951497053,1.287764203549317,0.019982168612292347,1.9083908535719358,1.561015550799721,4
STLD,3.180773553614247,1.2852363784628906,1.9507830846475813,0.02670427449775716,1.8402790324630491,1.6279760523794975,4
TILE,3.1748347734472535,1.1886728612488533,14.656423097789327,0.01551857112094556,2.687799007066773,1.879954370106375,5
NWFL,3.1737897896991702,1.0979348880827868,7.013618176216501,0.02778623594704563,1.5819905696073577,1.3810717061888598,5
FNLC,3.169833768270223,1.0643724358738702,5.473601175282993,0.04263726316901521,1.4306747650911966,1.5687367638449314,5
RILY,3.1669616799051674,1.2266635470686256,15.601128635560105,0.05500163884053235,2.0738128705151664,1.844663602747003,4
STZ,3.163669902495856,1.0034971801907326,0.5903388910679871,0.01983080038950508,2.240691526571588,1.3606522848369889,5
PRK,3.155123857134724,1.1351483144782128,2.313151554394588,0.04278602822802285,1.666969753790967,1.2717115955595137,5
DCOM,3.1453803882459055,1.3360850671058888,13.677563509276052,0.028205603006792215,1.1930903252742318,1.5120586589240586,5
WTBA,3.1348233408094153,1.0163051733522361,7.859396687998349,0.034554614232011865,1.8550806345009916,1.4735263384037214,5
MTSC,3.1243514994029042,1.1475594644623186,8.182084504600738,0.01934922754493761,2.318237363627161,1.7614293054028993,4
CAKE,3.1229186897742007,1.0834219448726263,6.7323210787608865,0.03144394421750464,3.3776057382525684,1.85221769482056,5
OSK,3.1178483076769794,1.0991115759414944,1.2095304638183155,0.015939745841363123,1.8219045477344413,1.3004008372560873,5
KEM,3.094123049770918,1.1499670230942205,1.2387459849980902,0.00511657115497048,1.7612111070275172,1.24347725355892,5
FLIC,3.0835867779837205,1.0994433603751184,8.433119214760469,0.029201134016296783,1.518077854220422,1.550770753937524,5
UVE,3.0698376824338958,1.3320656383096627,6.059623510383959,0.02681920416924079,1.9708544019955416,1.3241297179167135,5
MFSF,3.068948497358199,1.1422599840572096,6.460165112998643,0.02032436183530348,1.4881310195227766,1.5513485797901239,4
MPW,3.0567046460130705,1.2244688324344752,9.84418678287292,0.05175463991211597,1.2493743994597644,1.1849712076394892,5
RCII,3.041186435779006,1.0976236958553933,51.664779741000665,0.009779642333501,3.0538082590535622,1.9095439437682324,5
PRIM,3.039273937836091,1.1521282168478852,8.694945832048214,0.011183709207074927,1.7343986783791083,1.3736394600705144,5
NKSH,3.037694025801236,1.0003087966663367,6.634843194527392,0.03175629147663713,1.5480448166291108,1.4556971925462407,4
WIRE,3.032155453866594,1.2777277417986355,5.574300789801385,0.0013810617715167442,1.5548620452421784,1.218819248607161,5
TARO,3.0312033659001987,1.4364726036941364,2.729044571977392,0.12141215128542875,2.161178766368098,1.429715687696936,4
CIZN,3.0236584066874634,1.1572905248866832,14.459792942350033,0.043337705181280405,0.9970352531914894,1.2084936153913033,5
PWR,3.0208739940847282,1.0362785675337671,7.445699260237266,0.0038555956314488635,1.4879336107125116,1.3491870737195304,4
BMRC,3.018721076647723,1.0245966155057065,7.445021066608236,0.017946734981524264,1.8128996437054632,1.335719854151374,5
AGX,3.0105128581785534,1.2948685765058772,2.4852841544825566,0.026029782149948996,1.5159895886133696,1.2293987036990142,4
AROW,3.008948921992565,1.1894386259695777,5.810116070103131,0.02875966520315036,1.7523285873369392,1.3646447038996379,5
GEO,2.994755678342607,1.023315101474126,8.027317420310077,0.14273219819296148,1.6344280970677045,1.390821961404706,5
FOXA,2.989606878020597,1.233112330734066,3.894810867293626,0.008593174003088972,2.199440032170503,1.3618927024466758,5
CZNC,2.9874565119358625,1.1508266844250337,10.483482974369467,0.04148583999199236,1.3845369692209513,1.405741396092086,4
ALB,2.975757596402725,1.105153056481428,1.974131234579454,0.02208760726008755,1.7524122220102996,1.1821538056513006,5
BRKS,2.961903626195652,1.1426123123138627,3.4039528532265,0.011984593623438003,2.116865193853308,1.5915754558486062,4
KMI,2.95785506190445,1.0064189930022567,28.219831484429758,0.04924683982368584,1.3016892893130223,1.4147962526975506,4
OCSI,2.9546613088192615,1.1070322289151442,49.0234708940224,0.0752704380618375,0.8432395375656979,1.3761456975027162,4
ANDE,2.9481797200691355,1.0930263408163827,32.76919085297036,0.028946768465899796,0.7848031552675097,1.0904939514020013,4
MIC,2.9448924672189696,1.176226582496181,14.670449182485019,0.09488300952788821,1.2939034185724483,1.5485394801269008,4
SCS,2.944119767440517,1.2535711513081282,22.40750867410161,0.03293397685197279,2.297471169686985,1.5114067824833681,5
CRMT,2.943029895232297,1.0050344581175523,2.402834071616982,6.53349324010344e-05,2.3510230533005645,1.5754281266674766,5
APOG,2.916005607204697,1.0345328069143382,7.25042499870445,0.01885951575849575,1.908486189270164,1.4582046546101834,4
UHS,2.913381373807264,1.007826378959227,1.7338572362670197,0.004270749262416471,2.2548085183694715,1.2872406808075143,5
SAFT,2.9113714937014086,1.0367419285649542,2.69158592669227,0.03589594056492278,1.8149460303857219,1.1236620793401524,5
LKFN,2.895723422421394,1.1092643407537743,4.402192701804819,0.024613219514389526,2.0136591003175526,1.1977931716630676,5
EPD,2.893891752145139,1.011089834150818,6.491063687384824,0.0018691899346198898,2.294300436116944,1.6758642289733348,4
KRO,2.893559140553435,1.4008057138403096,10.168660950407437,0.05319108226632278,1.9212498468324959,1.2970340415665433,5
GTLS,2.8929020847494944,1.128116832215505,15.153673261412616,0.0002192144657872257,1.4863938579341807,1.2641031054274205,5
ECOL,2.891683543846974,1.0599662272531258,18.33489978011391,0.012402542959961868,1.266772993335838,1.273124605873423,4
GFF,2.8912070871145583,1.140631800659081,6.082133948072461,0.019641316471444098,1.4573906727812747,1.2888750173185672,4
TGNA,2.877528684915046,1.0127139458984589,6.131381480674492,0.018489782705404363,2.061639347148506,1.3891573895352538,5
PDCO,2.868607334779913,1.0703180035880222,11.02627377499458,0.049785211557869,1.3524660875310286,1.235364489856746,4
NFG,2.8673105078978054,1.006650230192376,2.921921707157787,0.03651955998370495,1.8871617187737404,1.2535839692528477,5
PLAB,2.861776705491291,1.308839673957539,37.76758112867583,0.06316333329944994,0.9264029889906636,1.1197356784651396,4
JOUT,2.858208791956141,1.29460653607045,2.074784297204364,0.011249272501834561,1.5221440588659432,1.1948844942410137,4
ODC,2.857346865678408,1.0929418128644528,8.832008129749571,0.037073873257260595,1.3245203842238058,1.1825994813313705,4
MDP,2.8573367743581977,1.0847481567275912,23.083794190629742,0.06903518321187148,2.4063010465832138,1.9060131825829962,4
FUL,2.8549887445715485,1.0832648458434773,5.995624997838764,0.01226969996512898,2.157445308083547,1.4371338374976619,4
EME,2.8543698118770324,1.1121659816592926,2.9953051511527087,0.003653866910190267,2.3880815114620635,1.2193854926054124,5
SFBS,2.8425021411589833,1.4256950314536017,5.100882466802932,0.012351027781106205,2.3123907799757775,1.147370829541388,5
CHCO,2.8395269659423628,1.1331329714285743,3.3759685013949525,0.027463146909038925,1.9671522820498402,1.0938741387374848,5
NXST,2.8344002768935646,1.0903125688158075,2.4698206031745666,0.017195418608818364,2.3709479462681955,1.3156949695231412,5
NPK,2.832035779698419,1.1545829566321952,2.5402888444165534,0.06904123206946938,1.656694260470653,1.1484498631722067,4
FMAO,2.8320013371707526,1.009129861785762,11.45534960208424,0.022209510479290446,1.240731796072232,1.2358622136718458,4
STOR,2.8272782473443665,1.0266562090800562,34.168944749344966,0.033400165071457225,2.0502748180836203,1.4365307413418038,5
SBSI,2.825868418338497,1.118802470836396,7.219757742144152,0.03595871806227187,1.469704541499913,1.2522799833303748,5
WMK,2.825442097624981,1.0581261322445994,6.756683792108257,0.03113224762488481,1.0119197584781983,1.106167045198983,4
ABM,2.8128655516274437,1.0374331961422691,12.75163159364737,0.0199948692411004,1.5470894941634241,1.351360101306118,4
GABC,2.8110217473413956,1.0625685308541242,8.095700905643795,0.02032342454015457,1.5054037783625527,1.2801545303502573,5
BBSI,2.798728844608597,1.1608967069133456,2.6319636412883924,0.012641692690615795,3.7793010436614884,1.6116229691976747,5
HI,2.7960121857213247,1.3797179238280135,11.39794476752939,0.03121493141913404,2.234572337886222,1.3745366980319103,4
BOH,2.7778491129447564,1.2598954162065432,2.956986725723156,0.02903674015488915,2.8228784360351624,1.1976184817447058,5
HCI,2.7748170688364424,1.5701284225352574,5.59122747100367,0.037448138989809684,1.8727044404801043,1.1189952599528425,5
AGR,2.7595237299891453,1.0139585790859462,11.059514184602287,0.03661791277867762,0.9767950471470762,1.2149115405533064,4
EVR,2.7557708766707547,1.321646634596598,1.0899653955397588,0.03165626557297746,3.516022747655556,1.3222897508780476,5
STFC,2.749904009413407,1.066245413779046,53.82706414473684,0.01254055861702143,1.4454609855193248,1.1829983328679374,5
KNX,2.743235882795519,1.029748325205349,8.298633330048453,0.006605236810966092,1.106830390304639,1.17348739194052,4
AYI,2.7321684505380395,1.1434949773645233,1.7870692353003916,0.00400037772797393,2.7096299963520765,1.178598244307211,5
WBA,2.7315343195065065,1.025743487910438,2.295071195054297,0.03297507973075235,2.1191521350799594,1.1574973030605475,5
MEI,2.7246093288120345,1.0867509779902784,7.49311507470811,0.01552983418424812,1.5218104420472667,1.2519229201316282,4
EBF,2.719420688790965,1.1932461558455845,10.794103686933415,0.04392293580238086,1.7804909044122479,1.0788136475496248,5
SWM,2.7179508991856953,1.122613896083785,5.008284222985014,0.041063171277739244,2.216476633762757,1.2864940355421273,4
AMP,2.7143990176844577,1.0569149301115843,0.73606327299866,0.023120012682978384,3.8050787222901032,1.2351492939591342,5
ELY,2.7124603075769773,1.1174753265304929,22.23698132083711,0.001924266830131503,2.557240044673051,1.3174171907233572,5
ILPT,2.706074978007431,1.0274707081429404,23.252268313868,0.061561592603708866,1.4019941347206462,1.0485447308709146,5
UHAL,2.7011277720190447,1.1273572262016145,0.49900126216322865,0.005304771983106,2.0224058448879574,1.0493119611318518,5
GBCI,2.70109660105509,1.113780166114434,8.778895698394289,0.03267649970180749,1.942690981586988,1.0493087499017377,5
AZZ,2.695695894672649,1.0351619577644906,12.891165391849276,0.015472192127216317,1.8967999496461982,1.2249024672170534,4
LZB,2.6730661391568487,1.151780533712497,13.136673405159758,0.015111599820357868,2.2792790121141437,1.2127215960458655,5
AVA,2.6724834036599274,1.0037780621954784,7.621680454281647,0.033219128706394506,1.5953102536812556,1.121357279653554,4
WOR,2.64891814324573,1.0635959956122392,4.262674370068049,0.023491503351177372,2.6800540393577834,1.199664527821438,5
OKE,2.646443494189448,1.0026274600186789,8.22556218321309,0.04976823661495741,4.704232204847099,1.685457464261662,5
BCC,2.6454277655851586,1.3305441666649864,34.875196182611,0.0364465676052823,2.11078790298433,1.316345543709524,4
PCSB,2.639667013111005,1.2781127056288675,97.25281508918259,0.00673936398946915,1.1514743906123917,1.0652571809946065,4
RECN,2.632720571041628,1.1295068504295012,26.91003912423816,0.032022157002031676,1.7868104364084478,1.371377748565532,4
TG,2.6299715394448606,1.0619129321984309,19.819652720335622,0.021436299677201506,1.8975732746470464,1.2610772347330992,4
ENS,2.6296213892837192,1.1578976454951637,6.997448103506785,0.009390036214014862,2.4702008371448825,1.1527196563147524,5
PEG,2.629331780564854,1.0067759015751896,6.117375267710371,0.03214942239332483,1.958348465769766,1.1116732218830756,5
SBGI,2.628562534706646,2.1046237370216554,17.90135836672678,0.02339572133599889,2.0773825898801594,1.0576616452015375,4
VVI,2.6277198175924052,1.1606172901809542,23.404826010277528,0.006430331308719078,2.692465165626377,1.2557698367345644,5
LUV,2.6003034259409055,1.1475428441720577,2.8957163206631984,0.012190582054414563,3.1036777868185514,1.308583165455167,4
KFY,2.5989220711580385,1.4695482980755807,10.227728331387084,0.009238270876238632,2.0467623660386116,1.2869900246123493,4
TMP,2.597089486135741,1.1361927642017855,2.8522381677133484,0.023806337353708976,1.9450491818989724,1.0935477488611223,5
WAB,2.590950977364823,1.0738894930168192,23.40808135831937,0.006175781487698138,1.32868929844825,1.0879413746450028,4
TEL,2.589670075965822,1.0461175674600016,2.1540341405453862,0.02017062758519104,2.8517350993377484,1.0479922847297243,5
RUTH,2.5852268076628357,1.031270976958369,11.17131610065088,0.022969130072308913,7.19838745913219,1.7014946798055293,5
SVM,2.5762597891085477,1.2111740293320645,37.95989340268507,0.009918561439424689,1.2210676543693122,1.029729291747649,4
CNXN,2.5746893176494132,1.0877997277097051,6.417873107665204,0.0065391546974294746,2.1638972597235617,1.0307379394878773,5
THO,2.572672473545636,1.2084643062853853,2.9373294561717356,0.02693453496227535,1.498654738189189,1.227290649056791,4
BYD,2.5690478702632578,1.1684946717824198,20.767495227798825,0.00872190459232425,2.6233040793777,1.4338324789086063,4
CMCO,2.5673660506064797,1.1402135321156106,21.602572968607163,0.005335358230998899,2.022267794479531,1.2884482982909766,4
GNL,2.5665944599077926,1.2677775671390428,3918.2784024371285,0.0875663684720504,1.0142855125760546,1.1554459500997307,5
MSM,2.5633538142279892,1.0107314739645918,2.1957552680786083,0.03142918225949412,2.556466064725576,1.035295829475793,5
PXD,2.5607735490205026,1.0557539193414853,4.782148294218847,0.005998414907052908,1.7470302830266522,1.268620113681481,4
CVBF,2.558738838367302,1.0687275049009812,13.10158889290528,0.03219773194748602,1.485107968615384,1.132686423585699,4
KNL,2.5581895171039966,1.018053200615831,13.299572450560653,0.024364955658454906,3.148259494855005,1.7329899343549195,4
BHE,2.551211469411567,1.4894230722652617,93.4424331819845,0.017875603607710865,1.283685614958929,1.0412936332189433,4
MGP,2.5492820406854886,1.0950903988870535,43.3365969294973,0.1893133921011795,1.121046939737938,1.066212478074477,5
OGE,2.546896310575046,1.0,9.106276204248529,0.03563518526723292,2.0283116318395944,1.0921149405552606,5
HASI,2.5442606167012,1.0051866375686833,35.52252783786921,0.04582572103753811,2.0060760794627583,1.1507630358482253,5
LOB,2.531237045453282,1.0312178824347389,31.64898303524856,0.006611938774142253,1.3712664452108054,1.0901164509427197,4
WWW,2.52818634871707,1.1639962042960468,9.040947269555883,0.01229998791965472,3.5629450893439416,1.3615163680554925,5
MATX,2.516238122282622,1.0174548089233593,7.537240340348114,0.023433779415062625,1.970276777957056,1.0198917084310957,5
VAC,2.5117328352316135,1.1288599041408032,30.96739546772068,0.015128751276605124,1.7734494865849617,1.3934575940085732,4
ARMK,2.5053081958029986,1.0530175095375112,9.583430385431122,0.010965650255041088,2.978563628767906,1.2702712118398818,5
CRAI,2.5008314224796857,1.0968036155219703,6.798104242690584,0.016214145945960153,2.0393819500280657,1.1910427941386261,4
CAE,2.493668552320325,1.1432655046503668,12.840172179768768,0.017708838529236152,2.4197875979492944,1.3361546318308521,4
OHI,2.487579623741174,1.0044243684240217,19.71423248001048,0.06357550897484544,2.1456880206837114,1.075795884035641,5
SRE,2.4809989694110017,1.0036923528299009,5.954928328727609,0.024405275245319075,2.0416440684429724,1.0532330864645845,4
IHC,2.4661668232631837,1.061588119770236,26.05586214338618,0.008474243209257302,1.342811217897123,1.0505738691684248,4
CI,2.463505559370935,1.0709956748674039,2.067767435657872,0.00020261101338850252,1.632923548899378,1.1090770040100522,4
CPSI,2.4514888729335835,1.0254998660017913,13.792025857857173,0.015858421416913,1.959669319272893,1.0099134186205592,5
KBR,2.451307620560528,1.2581917871803427,10.251873964976566,0.011145921925239942,2.2393217580032556,1.0569666225928935,4
STAY,2.435916242233893,1.2012372389367914,64.17281691115092,0.024836991301396678,2.299571526945344,1.058003395831592,5
XPO,2.431440979790743,1.0769827656620108,4.235905394247192,0.001025388622287847,2.844301859278162,1.1465631133102776,4
CSV,2.4173689768395006,1.0025296902966592,19.00582274595257,0.012400502222637257,1.921290865034493,1.2028829804048942,4
LCII,2.4163669590575085,1.023126835397007,3.019691090450218,0.024272361109987973,3.283541400223812,1.0666312166749592,5
KRNY,2.4102561507732507,0.14301226959803964,133.12087103284577,0.028617952812696076,1.0771931125688567,1.4344267681182008,4
MLHR,2.3836705052570903,1.1297655626426812,6.515952020482244,0.02008642869457054,3.1565482816323693,1.3218536379903532,4
KFRC,2.377385654720044,1.0328302528752256,2.8008297637536153,0.01812027107349448,5.4796492948231235,1.1911528115754129,5
GCBC,2.3767008881403786,1.0113779542565413,8.46398239457202,0.0081567747483168,2.222419524068026,1.0993607015687812,4
AMTD,2.350640482272634,1.1505524037971724,4.170916164880899,0.02728886925072211,2.809448275862069,1.1014145385905318,4
AVX,2.349831225029535,1.1031914114957615,394.563682582767,0.02489306564274113,1.3091253596624415,1.0449340734874935,4
KBAL,2.3274754604425727,1.1816793289848377,15.466948825868078,0.02010229651729427,2.6275600720587557,1.093142281555129,4
UFPI,2.307247369564413,1.082363469910516,6.7123894287914325,0.008234444417013813,2.3970584900881633,1.0974792412336518,4
UGI,2.298700517193132,1.1001887914471908,8.32246123490414,0.023227399061355538,2.249900296005239,1.0670712244266753,4
HNI,2.2920548420621523,1.0518500680399587,7.073508438768658,0.030843757524816565,2.899504643485765,1.2108594275296627,4
DIOD,2.292049908600453,1.1304307004561212,7.493045895560085,0.0016233366109171291,2.1257185039370077,1.0067841549484173,4
NPO,2.2808274044973373,1.1505275917572482,37.66725515532583,0.015300224818135966,1.5401882963130002,1.091024383225535,4
BOOM,2.2708006593601144,1.0629259679418983,9.465033068888276,0.004101378634277952,3.9120958604864615,1.1284605838091568,5
HY,2.2512203490859672,1.1029933436964405,13.07154188756782,0.021526021705712734,1.7923267499540694,1.0608082101737561,4
MGPI,2.2363678127816207,1.0074210784041977,9.01855887605119,0.008941708846860123,3.3186052014334932,1.0071300225026347,5
PRI,2.22128219398084,1.07213295458487,2.005413262949293,0.010208121256056836,3.41636053691064,1.0397061448785403,4
NP,2.2150152489190837,1.0135081293273107,10.226362372356887,0.02491815407621785,3.0125700221511202,1.0718024954764551,4
PZN,2.2145078339256266,1.1856389040073405,23.78286399026724,0.06823890530110699,4.919597167027096,1.1316486851367762,5
RL,2.214376533066609,1.1088343249411714,11.591494705955137,0.01890233252999246,3.0690867607690433,1.0662480908383996,4
CLAR,2.197178422209768,1.006018388987882,78.89903595124996,0.008150339520169567,2.0226489028213166,1.0215012673306605,4
RLGT,2.197018525555655,1.0296375857785716,93.56524564693724,0.004139123277423178,2.478084327975188,1.2198179718622106,4
B,2.192948884467916,1.0487197244811017,5.926272564880037,0.010687137981823577,2.3967640069955167,1.1140775430131369,4
AIT,2.1558112435195653,1.0638666208072314,3.9838845670571077,0.022497536937137363,2.34209751246887,1.0188384675581572,4
GBL,2.154625884876472,1.3137749635074865,1.3668758689768683,0.005756053322357011,8.750485041212055,1.1598783165784636,5
SABR,2.14706007567177,1.3183682020926277,31.5109457785038,0.02503116737926824,6.4920662383173875,1.3522649570287355,5
ERI,2.121144819420902,1.224559850606164,41.22033339488828,0.0019298455389702308,3.6639661828030614,1.5714644275779275,4
DRI,2.0892811442314754,1.0792422960130363,4.417267497267082,0.02438224094362166,6.356177380255788,1.090383544745705,5
AMOT,2.0825792751982917,1.065740932800918,14.580549574131325,0.002782001638289854,3.528369716596473,1.0539940605461462,4
CLB,2.0198788288639804,1.0261794846776613,10.647630958046854,0.050119457606319584,10.945541449976105,1.5176513789057358,5
OUT,1.973528614025219,1.0332830239682826,33.30018724213276,0.05890886959229458,3.229635216675809,1.0508548590596922,4
BLMN,1.6577028936818288,1.1232961575540716,13.573369140392817,0.01672487540180783,12.542872280471052,1.2990165536509197,5
